name,abb,family,seeded,group,rlg,rlb,neophyte,t,f,r,n,targetHerb,targetGrass,ffh6510,ffh6210,nitrogenIndicator,grazingIndicator,ruderalIndicator,target
Acer_campestre,Acercamp,Sapindaceae,no,tree,no,no,no,6,5,7,6,no,no,no,no,"NA","NA","NA",no
Acer_platanoides,Acerplat,Sapindaceae,no,tree,no,no,no,6,NA,NA,NA,no,no,no,no,"NA","NA","NA",no
Acer_pseudoplatanus,Acerpseu,Sapindaceae,no,tree,no,no,no,NA,6,NA,7,no,no,no,no,"NA","NA","NA",no
Achillea_millefolium,Achimill,Asteraceae,yes,herb,no,no,no,NA,4,NA,5,yes,no,yes,no,"NA","NA","NA",yes
Aegopodium_podagraria,Aegopoda,Apiaceae,no,herb,no,no,no,5,6,7,8,no,no,no,no,"NA","NA","NA",no
Agrimonia_eupatoria,Agrieupa,Rosaceae,yes,herb,no,no,no,6,4,8,4,yes,no,no,no,"NA","NA","NA",yes
Agrostis_capillaris,Agrocapi,Poaceae,yes,sub-grass,no,no,no,NA,NA,4,4,no,yes,no,no,"NA","NA","NA",yes
Agrostis_stolonifera,Agrostol,Poaceae,no,sub-grass,no,no,no,NA,NA,NA,5,no,yes,no,no,"NA","NA","NA",yes
Ajuga_reptans,Ajugrept,Lamiaceae,yes,herb,no,no,no,NA,6,6,6,yes,no,yes,no,"NA","NA","NA",yes
Alchemilla_vulgaris,Alchvulg,Rosaceae,no,herb,no,no,no,NA,NA,NA,NA,yes,no,yes,no,"NA","NA","NA",yes
Allium_scorodoprasum,Alliscor,Amaryllidaceae,no,herb,no,3,no,6,7,7,7,yes,no,no,no,"NA","NA","NA",yes
Alopecurus_myosuroides,Alopmyos,Poaceae,no,grass,no,no,no,6,5,7,6,no,no,no,no,"NA","NA","NA",no
Alopecurus_pratensis,Alopprat,Poaceae,yes,top-grass,no,no,no,NA,6,6,7,no,yes,yes,no,"NA","NA","NA",yes
Amaranthus_retroflexus,Amarretr,Amaranthaceae,no,herb,no,no,no,7,5,7,7,no,no,no,no,"NA","NA","NA",no
Anagallis_arvensis,Anagarve,Primulaceae,no,herb,no,no,no,6,5,NA,6,no,no,no,no,"NA","NA","NA",no
Angelica_sylvestris,Angesylv,Apiaceae,no,herb,no,no,no,NA,8,NA,NA,yes,no,no,no,"NA","NA","NA",yes
Anthericum_ramosum,Anthramo,Asparagaceae,yes,herb,V,no,no,5,3,7,3,yes,no,no,no,"NA","NA","NA",yes
Anthoxanthum_odoratum,Anthodor,Poaceae,yes,sub-grass,no,no,no,NA,NA,5,NA,no,yes,yes,no,"NA","NA","NA",yes
Anthyllis_vulneraria,Anthvuln,Fabaceae,yes,legume,no,no,no,6,3,7,2,yes,no,no,yes,"NA","NA","NA",yes
Apera_spica-venti,Aperspic,Poaceae,no,grass,no,no,no,6,6,5,NA,no,no,no,no,"NA","NA","NA",no
Arabis_hirsuta,Arabhirs,Brassicaceae,yes,herb,V,no,no,5,4,8,NA,yes,no,no,yes,"NA","NA","NA",yes
Arenaria_serpyllifolia,Arenserp,Caryophyllaceae,no,herb,no,no,no,NA,4,7,NA,yes,no,no,no,"NA","NA","NA",yes
Arrhenatherum_elatius,Arrhelat,Poaceae,yes,top-grass,no,no,no,5,5,7,7,no,yes,yes,no,"NA","NA","NA",yes
Artemisia_vulgaris,Artevulg,Asteraceae,no,herb,no,no,no,6,6,NA,8,no,no,no,no,"NA","NA","NA",no
Asperula_cynanchica,Aspecyna,Rubiaceae,yes,herb,V,no,no,NA,3,8,3,no,no,no,no,"NA","NA","NA",no
Avena_fatua,Avenfatu,Poaceae,no,grass,no,no,no,6,5,7,NA,no,no,no,no,"NA","NA","NA",no
Barbarea_vulgaris,Barbvulg,Brassicaceae,no,herb,no,no,no,6,6,NA,6,no,no,no,no,"NA","NA","NA",no
Bellis_perennis,Bellpere,Asteraceae,no,herb,no,no,no,NA,5,NA,6,no,no,no,no,"NA","NA","NA",no
Brachypodium_pinnatum,Bracpinn,Poaceae,yes,top-grass,no,no,no,6,4,7,4,no,yes,no,yes,"NA","NA","NA",yes
Brassica_napus,Brasnapu,Brassicaceae,no,herb,no,no,yes,NA,NA,NA,NA,no,no,no,no,"NA","NA","NA",no
Brassicaceae,Bras,Brassicaceae,no,herb,no,no,no,NA,NA,NA,NA,no,no,no,no,"NA","NA","NA",no
Briza_media,Brizmedi,Poaceae,yes,sub-grass,no,no,no,NA,NA,NA,2,no,yes,yes,yes,"NA","NA","NA",yes
Bromus_erectus,Bromerec,Poaceae,yes,top-grass,no,no,no,5,3,8,3,no,yes,no,yes,"NA","NA","NA",yes
Bromus_hordeaceus,Bromhord,Poaceae,no,top-grass,no,no,no,6,NA,NA,3,no,yes,yes,no,"NA","NA","NA",yes
Bromus_inermis,Brominer,Poaceae,no,top-grass,no,no,no,NA,4,8,5,no,yes,no,no,"NA","NA","NA",yes
Bromus_secalinus,Bromseca,Poaceae,no,grass,no,2,no,NA,NA,NA,NA,no,no,no,no,"NA","NA","NA",no
Bromus_sterilis,Bromster,Poaceae,no,sub-grass,no,no,no,6,4,NA,5,no,no,no,no,"NA","NA","NA",no
Bunias_orientalis,Buniorie,Brassicaceae,no,herb,no,no,yes,6,5,8,5,no,no,no,no,"NA","NA","NA",no
Buphthalmum_salicifolium,Buphsali,Asteraceae,yes,herb,no,no,no,NA,4,8,3,no,no,no,no,"NA","NA","NA",no
Calystegia_sepium,Calysepi,Convolvulaceae,no,herb,no,no,no,6,6,7,9,no,no,no,no,"NA","NA","NA",no
Campanula_glomerata,Campglom,Campanulaceae,yes,herb,3,no,no,NA,4,7,NA,yes,no,no,yes,"NA","NA","NA",yes
Campanula_patula,Camppatu,Campanulaceae,yes,herb,V,no,no,6,5,7,5,yes,no,yes,no,"NA","NA","NA",yes
Campanula_rapunculoides,Camprapu,Campanulaceae,yes,herb,no,no,no,6,4,7,4,yes,no,no,no,"NA","NA","NA",yes
Campanula_rotundifolia,Camprotu,Campanulaceae,yes,herb,no,no,no,5,NA,NA,2,yes,no,no,no,"NA","NA","NA",yes
Campanula_trachelium,Camptrac,Campanulaceae,no,herb,no,no,no,NA,6,8,8,no,no,no,no,"NA","NA","NA",no
Capsella_bursa-pastoris,Capsburs,Brassicaceae,no,herb,no,no,no,NA,5,NA,6,no,no,no,no,"NA","NA","NA",no
Cardamine_hirsuta,Cardhirs,Brassicaceae,no,herb,no,no,no,6,5,5,7,no,no,no,no,"NA","NA","NA",no
Carex_acutiformis,Careacut,Cyperaceae,no,sedge,no,no,no,NA,9,7,5,no,yes,no,no,"NA","NA","NA",yes
Carex_caryophyllea,Carecary,Cyperaceae,no,sedge,V,no,no,NA,4,NA,2,no,yes,no,yes,"NA","NA","NA",yes
Carex_filiformis,Carefili,Cyperaceae,no,sedge,3,3,no,6,7,9,NA,no,no,no,no,"NA","NA","NA",no
Carex_flacca,Careflac,Cyperaceae,yes,sedge,no,no,no,NA,6,8,NA,no,yes,no,no,"NA","NA","NA",yes
Carex_hirta,Carehirt,Cyperaceae,no,sedge,no,no,no,6,6,NA,5,no,yes,no,no,"NA","NA","NA",yes
Carex_leporina,Carelepo,Cyperaceae,no,sedge,no,no,no,NA,7,3,3,no,no,no,no,"NA","NA","NA",no
Carex_muricata,Caremuri,Cyperaceae,no,sedge,no,no,no,6,4,NA,6,no,yes,no,no,"NA","NA","NA",yes
Carex_praecox_ssp_praecox,Carepraeprae,Cyperaceae,no,sedge,V,3,no,6,3,NA,4,no,yes,no,no,"NA","NA","NA",yes
Carex_spec,Carespec,Cyperaceae,no,sedge,no,no,no,NA,NA,NA,NA,no,no,no,no,"NA","NA","NA",no
Carlina_vulgaris,Carlvulg,Asteraceae,yes,herb,no,no,no,5,4,7,3,no,no,no,no,"NA","NA","NA",no
Centaurea_jacea,Centjace,Asteraceae,yes,herb,no,no,no,NA,NA,NA,NA,yes,no,yes,no,"NA","NA","NA",yes
Centaurea_scabiosa,Centscab,Asteraceae,yes,herb,no,no,no,NA,3,8,4,yes,no,no,yes,"NA","NA","NA",yes
Centaurea_spec,Centspec,Asteraceae,no,herb,no,no,no,NA,NA,NA,NA,no,no,no,no,"NA","NA","NA",no
Centaurea_stoebe,Centstoe,Asteraceae,yes,herb,no,3,no,NA,NA,NA,NA,yes,no,no,no,"NA","NA","NA",yes
Cerastium_arvense,Ceraarve,Caryophyllaceae,no,herb,no,no,no,NA,4,6,4,yes,no,no,no,"NA","NA","NA",yes
Cerastium_fontanum_ssp_vulgare,Cerafontvulg,Caryophyllaceae,yes,herb,no,no,no,NA,5,NA,5,yes,no,yes,no,"NA","NA","NA",yes
Cerastium_glomeratum,Ceraglom,Caryophyllaceae,no,herb,no,no,no,5,5,5,5,yes,no,no,no,"NA","NA","NA",yes
Chaerophyllum_bulbosum,Chaebulb,Apiaceae,no,herb,no,no,no,6,7,8,8,no,no,no,no,"NA","NA","NA",no
Chenopodium_album,Chenalbu,Amaranthaceae,no,herb,no,no,no,NA,4,NA,7,no,no,no,no,"NA","NA","NA",no
Chenopodium_polyspermum,Chenpoly,Amaranthaceae,no,herb,no,no,no,NA,4,NA,7,no,no,no,no,"NA","NA","NA",no
Cichorium_intybus,Cichinty,Asteraceae,yes,herb,no,no,no,6,4,8,5,yes,no,no,no,"NA","NA","NA",yes
Cirsium_arvense,Cirsarve,Asteraceae,no,herb,no,no,no,5,NA,NA,7,no,no,no,no,"NA","NA","NA",no
Cirsium_oleraceum,Cirsoler,Asteraceae,yes,herb,no,no,no,NA,7,8,5,yes,no,no,no,"NA","NA","NA",yes
Cirsium_vulgare,Cirsvulg,Asteraceae,no,herb,no,no,no,5,5,7,8,no,no,no,no,"NA","NA","NA",no
Clinopodium_vulgare,Clinvulg,Lamiaceae,yes,herb,no,no,no,NA,4,7,3,yes,no,no,no,"NA","NA","NA",yes
Consolida_regalis,Consrega,Ranunculaceae,no,herb,3,3,no,7,5,8,5,no,no,no,no,"NA","NA","NA",no
Convolvulus_arvensis,Convarve,Convolvulaceae,no,herb,no,no,no,6,4,7,NA,no,no,no,no,"NA","NA","NA",no
Cornus_controversa,Corncont,Cornaceae,no,shrub,no,no,no,5,5,7,NA,no,no,no,no,"NA","NA","NA",no
Cota_tinctoria,Cotatinc,Asteraceae,no,herb,no,no,no,6,3,6,4,yes,no,no,no,"NA","NA","NA",yes
Crataegus_monogyna,Cratmono,Rosaceae,no,shrub,no,no,no,5,4,8,4,no,no,no,no,"NA","NA","NA",no
Crepis_biennis,Crepbien,Asteraceae,yes,herb,no,no,no,5,5,6,5,yes,no,yes,no,"NA","NA","NA",yes
Crepis_capillaris,Crepcapi,Asteraceae,no,herb,no,no,no,6,5,6,4,no,no,no,no,"NA","NA","NA",no
Cynosurus_cristatus,Cynocris,Poaceae,yes,sub-grass,no,no,no,5,5,NA,4,no,yes,yes,no,"NA","NA","NA",yes
Dactylis_glomerata,Dactglom,Poaceae,yes,top-grass,no,no,no,NA,5,NA,6,no,yes,no,no,"NA","NA","NA",yes
Daucus_carota,Dauccaro,Apiaceae,yes,herb,no,no,no,6,4,NA,4,yes,no,yes,no,"NA","NA","NA",yes
Dianthus_carthusianorum,Diancart,Caryophyllaceae,yes,herb,V,no,no,5,3,7,2,yes,no,no,yes,"NA","NA","NA",yes
Dipsacus_fullonum,Dipsfull,Caprifoliaceae,no,herb,no,no,no,6,6,8,7,no,no,no,no,"NA","NA","NA",no
Echinochloa_crus-galli,Echicrus,Poaceae,no,grass,no,no,no,7,5,NA,8,no,no,no,no,"NA","NA","NA",no
Echium_vulgare,Echivulg,Boraginaceae,yes,herb,no,no,no,6,4,8,4,yes,no,no,no,"NA","NA","NA",yes
Elymus_repens,Elymrepe,Poaceae,no,top-grass,no,no,no,6,NA,NA,7,no,no,no,no,"NA","NA","NA",no
Epilobium_obscurum,Epilobsc,Onagraceae,no,herb,V,G,no,5,8,4,4,no,no,no,no,"NA","NA","NA",no
Epilobium_parviflorum,Epilparv,Onagraceae,no,herb,no,no,no,5,9,8,6,no,no,no,no,"NA","NA","NA",no
Epilobium_spec,Epilspec,Onagraceae,no,herb,no,no,no,NA,NA,NA,NA,no,no,no,no,"NA","NA","NA",no
Equisetum_arvense,Equiarve,Equisetaceae,no,herb,no,no,no,NA,6,NA,3,no,no,no,no,"NA","NA","NA",no
Eragrostis_minor,Eragmino,Poaceae,no,grass,no,no,yes,7,3,NA,4,no,no,no,no,"NA","NA","NA",no
Erigeron_annuus,Erigannu,Asteraceae,no,herb,no,no,yes,6,6,NA,8,yes,no,no,no,"NA","NA","NA",yes
Erigeron_canadensis,Erigcana,Asteraceae,no,herb,no,no,yes,6,4,NA,5,no,no,no,no,"NA","NA","NA",no
Erysimum_cheiranthoides,Eryschei,Brassicaceae,no,herb,no,no,no,5,5,7,7,no,no,no,no,"NA","NA","NA",no
Euonymus_europaeus,Euoneuro,Celastraceae,no,shrub,no,no,no,5,5,8,5,no,no,no,no,"NA","NA","NA",no
Euphorbia_amygdaloides,Euphamyg,Euphorbiaceae,no,herb,no,no,no,5,5,8,5,no,no,no,no,"NA","NA","NA",no
Euphorbia_cyparissias,Euphcypa,Euphorbiaceae,no,herb,no,no,no,NA,3,NA,3,yes,no,no,no,"NA","NA","NA",yes
Euphorbia_esula,Euphesul,Euphorbiaceae,no,herb,no,3,no,6,4,8,NA,yes,no,no,no,"NA","NA","NA",yes
Euphorbia_helioscopia,Euphheli,Euphorbiaceae,no,herb,no,no,no,NA,5,7,7,no,no,no,no,"NA","NA","NA",no
Euphorbia_verrucosa,Euphverr,Euphorbiaceae,no,herb,V,no,no,6,3,9,3,yes,no,no,yes,"NA","NA","NA",yes
Fallopia_convolvulus,Fallconv,Polygonaceae,no,herb,no,no,no,6,5,NA,6,no,no,no,no,"NA","NA","NA",no
Festuca_arundinacea,Festarun,Poaceae,no,top-grass,no,no,no,5,7,7,4,no,yes,no,no,"NA","NA","NA",yes
Festuca_ovina,Festovin,Poaceae,yes,sub-grass,no,no,no,7,2,NA,1,no,yes,no,yes,"NA","NA","NA",yes
Festuca_pratensis,Festprat,Poaceae,yes,top-grass,no,no,no,NA,6,NA,6,no,yes,yes,no,"NA","NA","NA",yes
Festuca_rubra,Festrubr,Poaceae,yes,sub-grass,no,no,no,NA,NA,NA,NA,no,yes,yes,no,"NA","NA","NA",yes
Festuca_spec,Festspec,Poaceae,no,grass,no,no,no,NA,NA,NA,NA,no,no,no,no,"NA","NA","NA",no
Filipendula_ulmaria,Filiulma,Rosaceae,no,herb,no,no,no,5,8,NA,4,no,no,no,no,"NA","NA","NA",no
Filipendula_vulgaris,Filivulg,Rosaceae,yes,herb,3,3,no,6,3,8,2,yes,no,no,yes,"NA","NA","NA",yes
Fragaria_vesca,Fragvesc,Rosaceae,no,herb,no,no,no,NA,5,NA,6,yes,no,no,no,"NA","NA","NA",yes
Fragaria_viridis,Fragviri,Rosaceae,no,herb,no,no,no,5,3,8,3,no,no,no,no,"NA","NA","NA",no
Fumaria_officinalis,Fumaoffi,Papaveraceae,no,herb,no,no,no,6,5,6,7,no,no,no,no,"NA","NA","NA",no
Galeopsis_tetrahit,Galetetr,Lamiaceae,no,herb,no,no,no,NA,5,NA,6,no,no,no,no,"NA","NA","NA",no
Galium_aparine,Galiapar,Rubiaceae,no,herb,no,no,no,6,NA,6,8,no,no,no,no,"NA","NA","NA",no
Galium_mollugo,Galimoll,Rubiaceae,yes,herb,D,no,no,6,4,7,NA,yes,no,yes,no,"NA","NA","NA",yes
Galium_palustre,Galipalu,Rubiaceae,no,herb,no,no,no,5,9,NA,4,no,no,no,no,"NA","NA","NA",no
Galium_verum,Galiveru,Rubiaceae,yes,herb,no,no,no,6,4,7,3,yes,no,no,no,"NA","NA","NA",yes
Geranium_dissectum,Geradiss,Geraniaceae,no,herb,no,no,no,6,5,8,5,yes,no,no,no,"NA","NA","NA",yes
Geranium_molle,Geramoll,Geraniaceae,no,herb,no,no,no,6,4,5,4,yes,no,no,no,"NA","NA","NA",yes
Geranium_pratense,Geraprat,Geraniaceae,yes,herb,no,no,no,6,5,8,7,yes,no,no,no,"NA","NA","NA",yes
Geranium_pusillum,Gerapusi,Geraniaceae,no,herb,no,no,no,6,4,NA,7,yes,no,no,no,"NA","NA","NA",yes
Geranium_pyrenaicum,Gerapyre,Geraniaceae,no,herb,no,no,yes,6,5,7,8,yes,no,no,no,"NA","NA","NA",yes
Geum_urbanum,Geumurba,Rosaceae,no,herb,no,no,no,5,5,NA,7,yes,no,no,no,"NA","NA","NA",yes
Glechoma_hederacea,Glechede,Lamiaceae,no,herb,no,no,no,6,6,NA,7,yes,no,no,no,"NA","NA","NA",yes
Helianthemum_nummularium,Helinumm,Cistaceae,yes,herb,3,3,no,6,3,7,1,yes,no,no,yes,"NA","NA","NA",yes
Helianthus_annuus,Heliannu,Asteraceae,no,herb,no,no,yes,NA,NA,NA,NA,no,no,no,no,"NA","NA","NA",no
Helianthus_tuberosus,Helitube,Asteraceae,no,herb,no,no,yes,7,6,7,8,no,no,no,no,"NA","NA","NA",no
Helictotrichon_pubescens,Helipube,Poaceae,yes,top-grass,no,no,no,NA,NA,NA,4,no,yes,yes,no,"NA","NA","NA",yes
Hippocrepis_comosa,Hippcomo,Fabaceae,yes,legume,V,no,no,5,3,7,2,yes,no,no,yes,"NA","NA","NA",yes
Holcus_lanatus,Holclana,Poaceae,yes,sub-grass,no,no,no,6,6,NA,4,no,yes,yes,no,"NA","NA","NA",yes
Hordeum_vulgare,Hordvulg,Poaceae,no,grass,no,no,yes,NA,NA,NA,NA,no,no,no,no,"NA","NA","NA",no
Hypericum_perforatum,Hypeperf,Hypericaceae,yes,herb,no,no,no,6,4,6,3,yes,no,no,no,"NA","NA","NA",yes
Hypochaeris_radicata,Hyporadi,Asteraceae,yes,herb,no,no,no,5,5,4,3,yes,no,no,no,"NA","NA","NA",yes
Inula_salicina,Inulsali,Asteraceae,yes,herb,V,no,no,6,6,9,2,no,no,no,no,"NA","NA","NA",no
Iris_pseudacorus,Irispseu,Iridaceae,no,herb,no,no,no,6,9,NA,7,no,no,no,no,"NA","NA","NA",no
Iris_spec,Irisspec,Iridaceae,no,herb,no,no,no,NA,NA,NA,NA,no,no,no,no,"NA","NA","NA",no
Jacobaea_vulgaris,Jacovulg,Asteraceae,no,herb,no,no,no,5,4,7,5,no,no,no,no,"NA","NA","NA",no
Knautia_arvensis,Knauarve,Caprifoliaceae,yes,herb,no,no,no,6,4,NA,4,yes,no,yes,no,"NA","NA","NA",yes
Koeleria_pyramidata,Koelpyra,Poaceae,yes,sub-grass,V,no,no,6,4,7,2,no,yes,no,yes,"NA","NA","NA",yes
Lactuca_serriola,Lactserr,Asteraceae,no,herb,no,no,no,7,4,NA,4,no,no,no,no,"NA","NA","NA",no
Lamium_maculatum,Lamimacu,Lamiaceae,no,herb,no,no,no,NA,6,7,8,no,no,no,no,"NA","NA","NA",no
Lamium_purpureum,Lamipurp,Lamiaceae,no,herb,no,no,no,5,5,7,7,no,no,no,no,"NA","NA","NA",no
Lapsana_communis,Lapscomm,Asteraceae,no,herb,no,no,no,6,5,NA,7,no,no,no,no,"NA","NA","NA",no
Lathyrus_pratensis,Lathprat,Fabaceae,yes,legume,no,no,no,5,6,7,6,yes,no,yes,no,"NA","NA","NA",yes
Lathyrus_sylvestris,Lathsylv,Fabaceae,no,legume,no,no,no,6,4,8,2,no,no,no,no,"NA","NA","NA",no
Lathyrus_tuberosus,Lathtube,Fabaceae,no,legume,no,no,no,6,4,8,4,no,no,no,no,"NA","NA","NA",no
Leontodon_hispidus,Leonhisp,Asteraceae,yes,herb,no,no,no,NA,5,7,6,yes,no,no,no,"NA","NA","NA",yes
Lepidium_campestre,Lepicamp,Brassicaceae,no,herb,no,no,no,6,4,8,6,no,no,no,no,"NA","NA","NA",no
Lepidium_ruderale,Lepirude,Brassicaceae,no,herb,no,no,no,6,4,NA,6,no,no,no,no,"NA","NA","NA",no
Leucanthemum_vulgare,Leucvulg,Asteraceae,yes,herb,no,no,no,NA,4,NA,3,yes,no,yes,no,"NA","NA","NA",yes
Linum_spec,Linuspec,Linaceae,no,herb,no,no,no,NA,NA,NA,NA,no,no,no,no,"NA","NA","NA",no
Lolium_perenne,Lolipere,Poaceae,no,sub-grass,no,no,no,6,5,7,7,no,no,no,no,"NA","NA","NA",no
Lotus_corniculatus,Lotucorn,Fabaceae,yes,legume,no,no,no,NA,4,7,3,yes,no,no,no,"NA","NA","NA",yes
Lysimachia_nummularia,Lysinumm,Primulaceae,no,herb,no,no,no,6,6,NA,NA,yes,no,no,no,"NA","NA","NA",yes
Lysimachia_vulgaris,Lysivulg,Primulaceae,no,herb,no,no,no,NA,8,NA,NA,yes,no,no,no,"NA","NA","NA",yes
Lythrum_salicaria,Lythsali,Lythraceae,no,herb,no,no,no,5,8,6,NA,no,no,no,no,"NA","NA","NA",no
Malva_spec,Malvspec,Malvaceae,no,herb,no,no,no,NA,NA,NA,NA,no,no,no,no,"NA","NA","NA",no
Medicago_falcata,Medifalc,Fabaceae,yes,legume,no,no,no,6,3,9,3,yes,no,no,yes,"NA","NA","NA",yes
Medicago_lupulina,Medilupu,Fabaceae,yes,legume,no,no,no,5,4,8,NA,yes,no,yes,no,"NA","NA","NA",yes
Medicago_minima,Medimini,Fabaceae,no,legume,V,no,no,7,3,8,2,yes,no,no,no,"NA","NA","NA",yes
Medicago_sativa,Medisati,Fabaceae,no,legume,no,no,yes,6,4,7,NA,yes,no,no,no,"NA","NA","NA",yes
Melilotus_albus,Melialbu,Fabaceae,no,legume,no,no,no,6,3,7,4,no,no,no,no,"NA","NA","NA",no
Myosotis_arvensis,Myosarve,Boraginaceae,no,herb,no,no,no,6,5,NA,6,yes,no,no,no,"NA","NA","NA",yes
Nardus_stricta,Nardstri,Poaceae,no,sub-grass,V,no,no,NA,NA,2,2,no,yes,no,no,"NA","NA","NA",yes
Oenothera_biennis,Oenobien,Onagraceae,no,herb,no,no,yes,7,4,NA,4,yes,no,no,no,"NA","NA","NA",yes
Onobrychis_viciifolia,Onobvici,Fabaceae,yes,legume,no,no,yes,7,3,8,3,yes,no,no,no,"NA","NA","NA",yes
Ononis_spinosa,Ononspin,Fabaceae,no,legume,no,no,no,6,4,7,3,yes,no,no,no,"NA","NA","NA",yes
Origanum_vulgare,Origvulg,Lamiaceae,yes,herb,no,no,no,NA,3,8,3,yes,no,no,no,"NA","NA","NA",yes
Papaver_dubium,Papadubi,Papaveraceae,no,herb,no,no,no,6,4,5,5,no,no,no,no,"NA","NA","NA",no
Papaver_rhoeas,Paparhoe,Papaveraceae,no,herb,no,no,no,6,5,7,6,no,no,no,no,"NA","NA","NA",no
Pastinaca_sativa,Pastsati,Apiaceae,yes,herb,no,no,no,6,4,8,5,no,no,no,no,"NA","NA","NA",no
Persicaria_amphibia,Persamph,Polygonaceae,no,herb,no,no,no,6,11,6,4,yes,no,no,no,"NA","NA","NA",yes
Persicaria_bistorta,Persbist,Polygonaceae,no,herb,no,no,no,4,7,5,5,no,no,no,no,"NA","NA","NA",no
Persicaria_lapathifolia,Perslapa,Polygonaceae,no,herb,no,no,no,6,8,NA,8,no,no,no,no,"NA","NA","NA",no
Persicaria_minor,Persmino,Polygonaceae,no,herb,no,no,no,6,8,5,8,no,no,no,no,"NA","NA","NA",no
Persicaria_mitis,Persmiti,Polygonaceae,no,herb,no,no,no,6,8,6,7,no,no,no,no,"NA","NA","NA",no
Peucedanum_cervaria,Peuccerv,Apiaceae,no,herb,V,no,no,6,3,7,3,no,no,no,no,"NA","NA","NA",no
Peucedanum_oreoselinum,Peucoreo,Apiaceae,yes,herb,V,no,no,6,3,6,2,yes,no,no,no,"NA","NA","NA",yes
Phleum_phleoides,Phlephle,Poaceae,no,top-grass,V,no,no,6,3,8,2,no,yes,no,yes,"NA","NA","NA",yes
Phleum_pratense,Phleprat,Poaceae,yes,top-grass,no,no,no,NA,5,NA,6,no,no,no,no,"NA","NA","NA",no
Pimpinella_major,Pimpmajo,Apiaceae,yes,herb,no,no,no,5,5,7,7,yes,no,no,no,"NA","NA","NA",yes
Pimpinella_saxifraga,Pimpsaxi,Apiaceae,yes,herb,no,no,no,NA,3,NA,2,yes,no,yes,no,"NA","NA","NA",yes
Plantago_lanceolata,Planlanc,Plantaginaceae,yes,herb,no,no,no,NA,NA,NA,NA,yes,no,yes,no,"NA","NA","NA",yes
Plantago_major,Planmajo,Plantaginaceae,no,herb,no,no,no,NA,5,NA,6,no,no,no,no,"NA","NA","NA",no
Plantago_major_ssp_intermedia,Planmajointe,Plantaginaceae,no,herb,no,no,no,6,7,5,4,yes,no,no,yes,"NA","NA","NA",yes
Plantago_major_ssp_major,Planmajomajo,Plantaginaceae,no,herb,no,no,no,NA,5,NA,6,no,no,yes,no,"NA","NA","NA",no
Plantago_media,Planmedi,Plantaginaceae,yes,herb,no,no,no,NA,4,7,3,yes,no,no,no,"NA","NA","NA",yes
Poa_angustifolia,Poaangu,Poaceae,yes,sub-grass,no,no,no,6,NA,NA,3,yes,no,no,no,"NA","NA","NA",yes
Poa_annua,Poaannu,Poaceae,no,sub-grass,no,no,no,NA,6,NA,8,no,no,no,no,"NA","NA","NA",no
Poa_compressa,Poacomp,Poaceae,yes,sub-grass,no,no,no,NA,3,9,3,no,yes,no,no,"NA","NA","NA",yes
Poa_pratensis,Poaprat,Poaceae,yes,sub-grass,no,no,no,NA,5,NA,6,no,yes,yes,no,"NA","NA","NA",yes
Poa_trivialis,Poatriv,Poaceae,no,sub-grass,no,no,no,NA,7,NA,7,no,no,no,no,"NA","NA","NA",no
Poaceae,Poac,Poaceae,no,grass,no,no,no,NA,NA,NA,NA,no,no,no,no,"NA","NA","NA",no
Polygonum_aviculare,Polyavic,Polygonaceae,no,herb,no,no,no,6,4,NA,6,no,no,no,no,"NA","NA","NA",no
Populus_alba,Popualba,Salicaceae,no,tree,no,no,no,7,7,8,6,no,no,no,no,"NA","NA","NA",no
Potentilla_anserina,Poteanse,Rosaceae,no,herb,no,no,no,6,6,NA,7,yes,no,no,no,"NA","NA","NA",yes
Potentilla_argentea,Potearge,Rosaceae,no,herb,no,no,no,6,2,3,1,yes,no,no,no,"NA","NA","NA",yes
Potentilla_erecta,Poteerec,Rosaceae,no,herb,no,no,no,NA,NA,NA,2,no,no,no,no,"NA","NA","NA",no
Potentilla_recta,Poterect,Rosaceae,yes,herb,no,no,no,7,3,5,2,yes,no,no,no,"NA","NA","NA",yes
Potentilla_reptans,Poterept,Rosaceae,no,herb,no,no,no,6,6,7,5,yes,no,no,no,"NA","NA","NA",yes
Prunella_grandiflora,Prungran,Lamiaceae,yes,herb,V,no,no,NA,3,8,3,no,no,no,no,"NA","NA","NA",no
Prunella_vulgaris,Prunvulg,Lamiaceae,yes,herb,no,no,no,NA,5,7,NA,yes,no,yes,no,"NA","NA","NA",yes
Prunus_avium,Prunaviu,Rosaceae,no,tree,no,no,no,5,5,7,5,no,no,no,no,"NA","NA","NA",no
Prunus_padus,Prunpadu,Rosaceae,no,tree,no,no,no,5,8,7,6,no,no,no,no,"NA","NA","NA",no
Quercus_robur,Querrobu,Fagaceae,no,tree,no,no,no,5,NA,NA,NA,no,no,no,no,"NA","NA","NA",no
Ranunculus_acris,Ranuacri,Ranunculaceae,yes,herb,no,no,no,NA,6,NA,NA,yes,no,yes,no,"NA","NA","NA",yes
Ranunculus_bulbosus,Ranubulb,Ranunculaceae,yes,herb,no,no,no,6,3,7,3,yes,no,no,yes,"NA","NA","NA",yes
Ranunculus_polyanthemos,Ranupoly,Ranunculaceae,no,herb,V,1,no,6,4,NA,2,no,no,no,no,"NA","NA","NA",no
Ranunculus_repens,Ranurepe,Ranunculaceae,no,herb,no,no,no,NA,7,NA,NA,no,no,no,no,"NA","NA","NA",no
Reseda_lutea,Reselute,Resedaceae,no,herb,no,no,no,6,3,8,5,yes,no,no,no,"NA","NA","NA",yes
Rhinanthus_alectorolophus,Rhinalec,Orobanchaceae,yes,hemiparasite,no,no,no,NA,4,7,3,yes,no,no,no,"NA","NA","NA",yes
Rhinanthus_glacialis,Rhinglac,Orobanchaceae,no,hemiparasite,V,no,no,3,5,4,2,yes,no,no,yes,"NA","NA","NA",yes
Rhinanthus_minor,Rhinmino,Orobanchaceae,yes,hemiparasite,no,no,no,5,NA,NA,3,no,no,no,no,"NA","NA","NA",no
Rorippa_sylvestris,Rorisylv,Brassicaceae,no,herb,no,no,no,6,8,8,6,no,no,no,no,"NA","NA","NA",no
Rubus_caesius,Rubucaes,Rosaceae,no,halfshrub,no,no,no,5,NA,8,7,no,no,no,no,"NA","NA","NA",no
Rumex_acetosa,Rumeacet,Polygonaceae,yes,herb,no,no,no,NA,NA,NA,6,yes,no,yes,no,"NA","NA","NA",yes
Rumex_obtusifolius,Rumeobtu,Polygonaceae,no,herb,no,no,no,5,6,NA,9,no,no,no,no,"NA","NA","NA",no
Salix_purpurea,Salipurp,Salicaceae,no,tree,no,no,no,5,NA,8,NA,no,no,no,no,"NA","NA","NA",no
Salix_spec,Salispec,Salicaceae,no,shrub,no,no,no,NA,NA,NA,NA,no,no,no,no,"NA","NA","NA",no
Salvia_nemorosa,Salvnemo,Lamiaceae,no,herb,no,2,no,7,4,9,4,yes,no,no,no,"NA","NA","NA",yes
Salvia_pratensis,Salvprat,Lamiaceae,yes,herb,V,no,no,6,3,8,4,yes,no,no,no,"NA","NA","NA",yes
Sanguisorba_minor,Sangmino,Rosaceae,yes,herb,no,no,no,6,3,8,2,yes,no,no,yes,"NA","NA","NA",yes
Sanguisorba_officinalis,Sangoffi,Rosaceae,yes,herb,V,no,no,5,7,NA,NA,yes,no,no,no,"NA","NA","NA",yes
Saxifraga_granulata,Saxigran,Saxifragaceae,no,herb,V,no,no,6,4,5,3,no,no,no,no,"NA","NA","NA",no
Scabiosa_columbaria,Scabcolu,Caprifoliaceae,yes,herb,no,no,no,5,3,8,3,yes,no,no,yes,"NA","NA","NA",yes
Securigera_varia,Secuvari,Fabaceae,no,legume,no,no,no,6,4,9,3,yes,no,no,no,"NA","NA","NA",yes
Sedum_acre,Seduacre,Crassulaceae,yes,herb,no,no,no,6,2,NA,1,yes,no,no,no,"NA","NA","NA",yes
Sedum_maximum,Sedumaxi,Crassulaceae,no,herb,no,no,no,6,3,5,3,no,no,no,no,"NA","NA","NA",no
Sedum_sexangulare,Sedusexa,Crassulaceae,no,herb,no,no,no,5,2,6,1,yes,no,no,no,"NA","NA","NA",yes
Setaria_pumila,Setapumi,Poaceae,no,grass,no,no,no,7,4,5,6,no,no,no,no,"NA","NA","NA",no
Setaria_spec,Setaspec,Poaceae,no,grass,no,no,no,NA,NA,NA,NA,no,no,no,no,"NA","NA","NA",no
Setaria_verticillata,Setavert,Poaceae,no,grass,no,no,no,7,4,NA,7,no,no,no,no,"NA","NA","NA",no
Setaria_viridis,Setaviri,Poaceae,no,sub-grass,no,no,no,6,4,NA,7,no,no,no,no,"NA","NA","NA",no
Silaum_silaus,Silasila,Apiaceae,yes,herb,V,no,no,6,NA,7,2,yes,no,no,no,"NA","NA","NA",yes
Silene_dioica,Siledioi,Caryophyllaceae,no,herb,no,no,no,NA,6,7,8,no,no,no,no,"NA","NA","NA",no
Silene_flos-cuculi,Sileflos,Caryophyllaceae,yes,herb,no,no,no,5,7,NA,NA,yes,no,no,no,"NA","NA","NA",yes
Silene_latifolia_ssp_alba,Silelatialba,Caryophyllaceae,yes,herb,no,no,no,6,4,NA,7,yes,no,no,no,"NA","NA","NA",yes
Silene_vulgaris,Silevulg,Caryophyllaceae,yes,herb,no,no,no,NA,4,7,2,yes,no,no,no,"NA","NA","NA",yes
Sisymbrium_officinale,Sisyoffi,Brassicaceae,no,herb,no,no,no,6,4,NA,7,no,no,no,no,"NA","NA","NA",no
Solidago_gigantea,Soligiga,Asteraceae,no,herb,no,no,yes,6,6,NA,7,no,no,no,no,"NA","NA","NA",no
Sonchus_arvensis,Soncarve,Asteraceae,no,herb,no,no,no,5,5,7,NA,no,no,no,no,"NA","NA","NA",no
Sonchus_asper,Soncaspe,Asteraceae,no,herb,no,no,no,5,6,7,7,yes,no,no,no,"NA","NA","NA",yes
Sonchus_oleraceus,Soncoler,Asteraceae,no,herb,no,no,no,6,4,8,8,no,no,no,no,"NA","NA","NA",no
Stachys_palustris,Stacpalu,Lamiaceae,no,herb,no,no,no,5,7,7,6,yes,no,no,no,"NA","NA","NA",yes
Stachys_sylvatica,Stacsylv,Lamiaceae,no,herb,no,no,no,NA,7,7,7,no,no,no,no,"NA","NA","NA",no
Stellaria_graminea,Stelgram,Caryophyllaceae,no,herb,no,no,no,NA,4,4,3,yes,no,yes,no,"NA","NA","NA",yes
Stellaria_media,Stelmedi,Caryophyllaceae,no,herb,no,no,no,NA,NA,7,8,no,no,no,no,"NA","NA","NA",no
Symphytum_officinale,Sympoffi,Boraginaceae,no,herb,no,no,no,6,8,NA,8,no,no,no,no,"NA","NA","NA",no
Tanacetum_vulgare,Tanavulg,Asteraceae,no,herb,no,no,no,6,5,8,5,yes,no,no,no,"NA","NA","NA",yes
Taraxacum_campylodes,Taracamp,Asteraceae,no,herb,no,no,no,NA,NA,NA,7,no,no,no,no,"NA","NA","NA",no
Thalictrum_minus,Thalminu,Ranunculaceae,no,herb,V,G,no,NA,3,8,3,yes,no,no,no,"NA","NA","NA",yes
Thlaspi_arvense,Thlaarve,Brassicaceae,no,herb,no,no,no,5,5,7,6,no,no,no,no,"NA","NA","NA",no
Thymus_praecox,Thymprae,Lamiaceae,yes,herb,no,no,no,6,3,8,1,no,no,no,no,"NA","NA","NA",no
Thymus_pulegioides,Thympule,Lamiaceae,no,herb,no,no,no,NA,4,NA,1,yes,no,no,no,"NA","NA","NA",yes
Tragopogon_pratensis,Tragprat,Asteraceae,yes,herb,no,no,no,6,4,7,6,yes,no,yes,no,"NA","NA","NA",yes
Trifolium_arvense,Trifarve,Fabaceae,no,legume,no,no,no,6,3,2,1,no,no,no,no,"NA","NA","NA",no
Trifolium_campestre,Trifcamp,Fabaceae,no,legume,no,no,no,6,4,6,3,yes,no,yes,no,"NA","NA","NA",yes
Trifolium_dubium,Trifdubi,Fabaceae,no,legume,no,no,no,6,5,6,5,yes,no,yes,no,"NA","NA","NA",yes
Trifolium_hybridum,Trifhybr,Fabaceae,no,legume,no,no,yes,6,6,7,5,yes,no,no,no,"NA","NA","NA",yes
Trifolium_medium,Trifmedi,Fabaceae,no,legume,no,no,no,6,4,6,3,yes,no,no,no,"NA","NA","NA",yes
Trifolium_montanum,Trifmont,Fabaceae,yes,legume,V,no,no,NA,3,8,2,yes,no,no,yes,"NA","NA","NA",yes
Trifolium_pratense,Trifprat,Fabaceae,yes,legume,no,no,no,NA,NA,NA,NA,yes,no,yes,no,"NA","NA","NA",yes
Trifolium_repens,Trifrepe,Fabaceae,no,legume,no,no,no,NA,5,6,6,no,no,no,no,"NA","NA","NA",no
Tripleurospermum_maritimum,Tripmari,Asteraceae,no,herb,no,no,no,6,6,7,8,no,no,no,no,"NA","NA","NA",no
Trisetum_flavescens,Trisflav,Poaceae,yes,top-grass,no,no,no,NA,NA,NA,5,no,no,yes,no,"NA","NA","NA",no
Triticum_spec,Tritspec,Poaceae,no,grass,no,no,no,NA,NA,NA,NA,no,no,no,no,"NA","NA","NA",no
Ulmus_laevis,Ulmulaev,Ulmaceae,no,tree,V,3,no,6,8,7,7,no,no,no,no,"NA","NA","NA",no
Urtica_dioica,Urtidioi,Urticaceae,no,herb,no,no,no,NA,6,7,8,no,no,no,no,"NA","NA","NA",no
Valeriana_officinalis,Valeoffi,Caprifoliaceae,no,herb,no,no,no,6,8,7,5,yes,no,no,no,"NA","NA","NA",yes
Valerianella_spec,Valespec,Caprifoliaceae,no,herb,no,no,no,NA,NA,NA,NA,no,no,no,no,"NA","NA","NA",no
Verbascum_densiflorum,Verbdens,Scrophulariaceae,no,herb,no,no,no,6,4,8,5,no,no,no,no,"NA","NA","NA",no
Verbascum_lychnitis,Verblych,Scrophulariaceae,yes,herb,no,no,no,6,3,7,3,yes,no,no,no,"NA","NA","NA",yes
Verbascum_spec,Verbspec,Scrophulariaceae,no,herb,no,no,no,NA,NA,NA,NA,no,no,no,no,"NA","NA","NA",no
Verbascum_thapsus,Verbthap,Scrophulariaceae,no,herb,no,no,no,NA,4,7,7,yes,no,no,no,"NA","NA","NA",yes
Verbena_officinalis,Verboffi,Verbenaceae,no,herb,no,no,no,6,5,7,7,yes,no,no,no,"NA","NA","NA",yes
Veronica_arvensis,Veroarve,Plantaginaceae,no,herb,no,no,no,6,4,6,NA,yes,no,no,no,"NA","NA","NA",yes
Veronica_chamaedrys,Verocham,Plantaginaceae,yes,herb,no,no,no,NA,5,NA,NA,yes,no,yes,no,"NA","NA","NA",yes
Veronica_persica,Veropers,Plantaginaceae,no,herb,no,no,yes,NA,5,7,7,no,no,no,no,"NA","NA","NA",no
Veronica_serpyllifolia,Veroserp,Plantaginaceae,no,herb,no,no,no,NA,6,5,NA,yes,no,yes,no,,,,yes
Veronica_spec,Verospec,Plantaginaceae,no,herb,no,no,no,NA,NA,NA,NA,no,no,no,no,"NA","NA","NA",no
Vicia_cracca,Vicicrac,Fabaceae,yes,legume,no,no,no,5,5,NA,NA,yes,no,yes,no,"NA","NA","NA",yes
Vicia_hirsuta,Vicihirs,Fabaceae,no,legume,no,no,no,6,4,NA,4,yes,no,no,no,"NA","NA","NA",yes
Vicia_onobrychioides,Vicionob,Fabaceae,no,legume,no,no,no,NA,NA,NA,NA,no,no,no,no,"NA","NA","NA",no
Vicia_sativa_ssp_nigra,Vicisatinigr,Fabaceae,no,legume,no,no,no,6,NA,NA,NA,yes,no,yes,no,"NA","NA","NA",yes
Vicia_sepium,Vicisepi,Fabaceae,no,legume,no,no,no,NA,5,6,5,yes,no,no,no,"NA","NA","NA",yes
Vicia_tetrasperma,Vicitetr,Fabaceae,no,legume,no,no,no,6,5,5,5,yes,no,no,no,"NA","NA","NA",yes
Viola_arvensis,Violarve,Violaceae,no,herb,no,no,no,5,NA,NA,NA,no,no,no,no,"NA","NA","NA",no
Vulpia_myuros,Vulpmyur,Poaceae,no,grass,no,no,no,7,2,5,1,no,no,no,no,"NA","NA","NA",no
